{
  "temp": 236.0,
  "rho_vap": 19.999999999999996,
  "rho_liq": 468.99999999999994,
  "P_vap": 1092.0
}